<?xml version="1.0"?>
<gameList>
	<game>
		<path>./Crusader of Centy (U) [!].zip</path>
		<name>Crusader of Centy (U) [!]</name>
		<playcount>1</playcount>
		<lastplayed>20200320T164919</lastplayed>
	</game>
	<game>
		<path>./Sonic and Knuckles &amp; Sonic 3 (JUE) [!].zip</path>
		<name>Sonic and Knuckles &amp; Sonic 3 (JUE) [!]</name>
		<playcount>4</playcount>
		<lastplayed>20200320T211156</lastplayed>
	</game>
	<game>
		<path>./Wonder Boy In Monster World (UE) [!].zip</path>
		<name>Wonder Boy In Monster World (UE) [!]</name>
		<playcount>2</playcount>
		<lastplayed>20200324T223433</lastplayed>
	</game>
	<game>
		<path>./doukutsu-0.5.2.bin</path>
		<name>doukutsu-0.5.2</name>
		<playcount>1</playcount>
		<lastplayed>20200704T173454</lastplayed>
	</game>
	<game>
		<path>./240pSuite-1.17.bin</path>
		<name>240p Suite v1.17</name>
		<image>./images/240pSuite-1.17-image.png</image>
		<rating>1.0</rating>
		<releasedate>20110101T000000</releasedate>
		<developer>Artemio Urbina</developer>
		<publisher>Artemio Urbina</publisher>
		<genre>Test</genre>
		<playcount>22</playcount>
		<lastplayed>20200704T231920</lastplayed>
	</game>
	<game>
		<path>./Mega Qbert.zip</path>
		<name>Mega Q-bert</name>
		<desc>Mega Q*bert is a fan adaptation of the popular arcade title for the Sega Mega Drive/Genesis. The title has 2 modes - Mega mode with 80 new different levels to beat and an Arcade mode, which is based on NES Q*bert (which in turn is based on the original game). Both modes allow simultaneous cooperative play.</desc>
		<image>~/.emulationstation/downloaded_images/megadrive/Mega Qbert-image.png</image>
		<genre />
		<players />
		<playcount>1</playcount>
		<lastplayed>20200704T233824</lastplayed>
	</game>
	<game>
		<path>./Zero Tolerance (JUE) [!].zip</path>
		<name>Zero Tolerance</name>
		<desc>The space station Europe-1 has been overrun by aliens. During one of the fights the nuclear cooling system has been damaged, resulting in a meltdown within hours. Your mission, as a team of five of the toughest persons in the Corps, is to infiltrate and gain control of Europe-1. You must sweep the entire station clean of aliens.

Zero Tolerance is a first-person shooter. It is required that you kill every single alien on each of the levels (hence the name). The five members of your team, who have different skills, start out with different weapons, and are your five chances of seeing this through.</desc>
		<image>~/.emulationstation/downloaded_images/megadrive/Zero Tolerance (JUE) [!]-image.jpg</image>
		<releasedate>19940101T000000</releasedate>
		<developer>Technopop, Inc.</developer>
		<publisher>Accolade, Inc.</publisher>
		<genre>Shooter</genre>
		<players>2</players>
		<playcount>1</playcount>
		<lastplayed>20200704T230731</lastplayed>
	</game>
	<game>
		<path>./ot12.bin</path>
		<name>Old Towers</name>
		<desc>OLD TOWERS is a brand new homebrew game for the SEGA Mega Drive and Genesis.

You play as a little explorers in a towers full of deadly traps and ugly skullz. Your only weapons to help you win: quick-thinking and skill.</desc>
		<image>~/.emulationstation/downloaded_images/megadrive/ot12-image.jpg</image>
		<releasedate>20190228T000000</releasedate>
		<developer>RetroSouls</developer>
		<publisher>RetroSouls</publisher>
		<genre>Action, Puzzle</genre>
		<playcount>1</playcount>
		<lastplayed>20200711T174826</lastplayed>
	</game>
	<game>
		<path>./doukutsu-0.5.2.zip</path>
		<name>Cave Story</name>
		<desc>Cave Story is a freeware platform-adventure video game released in 2004 for the PC. It was developed over five years by Daisuke "Pixel" Amaya in his free time.</desc>
		<image>~/.emulationstation/downloaded_images/megadrive/doukutsu-0.5.2-image.jpg</image>
		<releasedate>20160208T000000</releasedate>
		<genre>Action, Adventure</genre>
		<playcount>2</playcount>
		<lastplayed>20200711T232147</lastplayed>
	</game>
	<game>
		<path>./uwol_quest_for_money.zip</path>
		<name>Uwol - Quest For Money</name>
		<desc>Uwol didn't have enough after earning about the 90% of all the income which resulted of selling retrovideogames in Spain and getting himself rich. Now he wants to experience the adventures of his good old idols while he keeps engrossing his bank account, ?cause that's the very matter of his existence.

After gathering precious prizes following the steps of his favourite classic videogame heroes (this is, the fire which doesn't burn -which looks great in the hall of his house-, the proton pistol with the proton charger, three knickers from Gremla, the book of bills of Miner Willy, Wally's pajamas, the Sword of Power (just a copy, ?cause the real one is in use), heaps of Saimaza coffee?), he learns that a mysterious and excentric millionaire, formerly a thief, hides quite a big fortune in gold coins in a very old manor next to Canutos Forest -the so-called Storm Palace. So he decides to emulate his idol Goodie and steal them!

The problem is that it won't be very easy? The cellar of Storm Palace are quite deep and are full of nooks and crannies. Besides, the intrincate disposition of rooms makes it very easy to get lost and go back to the starting point. That's what happened to Uwol: his greed made him to get deeper and deeper into the manor so he got lost and trapped in the lowest labyrinth, inhabited by Vampy, Franky, Fanty and Wolfy, who will try by all means to make Uwol fail in his task.</desc>
		<image>~/.emulationstation/downloaded_images/megadrive/uwol_quest_for_money-image.png</image>
		<genre></genre>
		<players></players>
		<favorite>true</favorite>
		<playcount>2</playcount>
		<lastplayed>20200711T232104</lastplayed>
	</game>
</gameList>
