<?xml version="1.0"?>
<gameList>
	<game>
		<path>./Kodi.sh</path>
		<name>KODI</name>
		<desc>Kodi® (formerly known as XBMC™) is an award-winning free and open source (GPL) software media center for playing videos, music, pictures, games, and more. Kodi runs on Linux, OS X, Windows, iOS, and Android, featuring a 10-foot user interface for use with televisions and remote controls. It allows users to play and view most videos, music, podcasts, and other digital media files from local and network storage media and the internet. Our forums and Wiki are bursting with knowledge and help for the new user right up to the application developer.

IMPORTANT:
The official Kodi version does not contain any content what so ever. This means that you should provide your own content from a local or remote storage location, DVD, Blu-Ray or any other media carrier that you own. Additionally Kodi allows you to install third-party plugins that may provide access to content that is freely available on the official content provider website. The watching or listening of illegal or pirated content which would otherwise need to be paid for is not endorsed or approved by Team Kodi.</desc>
		<image>~/.emulationstation/downloaded_images/ports/Kodi-image.jpg</image>
		<rating>0</rating>
		<releasedate>19700101T010000</releasedate>
		<developer>Kodi Team</developer>
		<playcount>3</playcount>
		<lastplayed>20200320T003135</lastplayed>
	</game>
	<game>
		<path>./Doom.sh</path>
		<name>Doom</name>
		<desc>In Doom, a nameless space marine, gets punitively posted to Mars after assaulting a commanding officer, who ordered his unit to fire upon civilians. The Martian marine base acts as security for the Union Aerospace Corporation UAC, a multi-planetary conglomerate, which is performing secret experiments with teleportation by creating gateways between the two moons of Mars, Phobos and Deimos. Suddenly, one of these UAC experiments goes horribly wrong; computer systems on Phobos malfunction, Deimos disappears entirely and "something fragging evil" starts pouring out of the gateways, killing or possessing all UAC personnel! 
Responding to a frantic distress call from the overrun scientists, the Martian marine unit is quickly sent to Phobos to investigate, where you, the space marine, are left to guard the hangar with only a pistol while the rest of the group proceeds inside to discover their worst nightmare. As you advance further, terrifying screams echo through the vast halls, followed by a disturbing silence ... it seems, all your buddies are dead and you're all on your own now - fight back, exterminate every evil creature and get your ticket back home to earth!</desc>
		<image>~/.emulationstation/downloaded_images/ports/Doom-image.jpg</image>
		<rating>0</rating>
		<releasedate>19931210T000000</releasedate>
		<developer>id Software</developer>
		<publisher>id Software</publisher>
		<genre>Action, Shooter</genre>
		<players>4</players>
		<playcount>7</playcount>
		<lastplayed>20200705T171700</lastplayed>
	</game>
	<game>
		<path>./Quake.sh</path>
		<name>Quake</name>
		<desc>The player takes the role of an un-named protagonist sent into a portal in order to stop an enemy code-named "Quake". Previously, the government had been experimenting with teleportation technology, and upon development of a working prototype called a "Slipgate", this enemy has compromised the human connection with their own teleportation system, using it to insert death squads into the "human" dimension, supposedly in order to test the martial capabilities of humanity.</desc>
		<image>~/.emulationstation/downloaded_images/ports/Quake-image.jpg</image>
		<rating>0</rating>
		<releasedate>19960622T000000</releasedate>
		<developer>id Software</developer>
		<publisher>GT Interactive Software Corp.</publisher>
		<genre>Shooter</genre>
		<players>4</players>
		<playcount>4</playcount>
		<lastplayed>20200705T171746</lastplayed>
	</game>
	<game>
		<path>./Cave Story.sh</path>
		<name>Cave Story</name>
		<desc>Arguably the most well-known indie game of all time, Cave Story is an action-adventure game featuring a completely original storyline wrapped with personality, mystery and hours of fast-paced fun. 
You wake up in a dark cave with no memory of who you are, where you came from or why you're in such a place. Uncovering Mimiga Village you discover that the once-carefree Mimigas are in danger at the hands of a maniacal scientist. The Mimigas’ only hope rest squarely on the shoulders of a quiet, amnesiac boy who can't remember his own name.</desc>
		<image>~/.emulationstation/downloaded_images/ports/Cave Story-image.jpg</image>
		<rating>0</rating>
		<releasedate>20041220T000000</releasedate>
		<developer>Studio Pixel</developer>
		<publisher>Studio Pixel</publisher>
		<genre>Action, Adventure, Platform</genre>
		<favorite>true</favorite>
		<playcount>9</playcount>
		<lastplayed>20200707T160446</lastplayed>
	</game>
	<game>
		<path>./Duke Nukem 3D.sh</path>
		<name>Duke Nukem 3d</name>
		<desc>Duke Nukem, the politically incorrect action hero and ultimate alien ass kicker, defends Earth and its babes from alien invasion in Duke Nukem 3D. This is the award winning game that helped define the FPS genre, introducing unparalleled interactivity, and a main character that spoke. Take the fight to the aliens across 39 levels featuring Hollywood, Los Angeles, a moon base, and alien spacecraft. Innovative items like the Jetpack, HoloDuke, Shrink Ray, or Pipe Bombs allow you to fight the aliens in any style you want. Defeat the aliens, so Duke can get back to some R&amp;R with a stogie, a warm belly, and a bottle of Jack.</desc>
		<image>~/.emulationstation/downloaded_images/ports/Duke Nukem 3D-image.png</image>
		<rating>0.85</rating>
		<releasedate>19960129T000000</releasedate>
		<developer>3D Realms</developer>
		<publisher>GT Interactive</publisher>
		<genre>Shooter / 1st person</genre>
		<playcount>1</playcount>
		<lastplayed>20200711T233454</lastplayed>
	</game>
</gameList>
